variable,n_pre,n_post,mean_pre,ci_pre_low,ci_pre_high,mean_post,ci_post_low,ci_post_high,difference_post_minus_pre,welch_t_stat,welch_p_value,mann_whitney_u,mann_whitney_p_value
growth_volume,18,42,7.281950199167109,4.047137097117549,10.540650711328006,3.653385123071251,2.03059131631475,5.360589131384224,-3.6285650760958577,-1.9469362403675823,0.06228718604070581,254.0,0.0463497070893118
growth_value,18,42,6.7987323443274095,3.7586851627001248,9.979009934594187,2.8118448511700804,1.231571175246135,4.419251965521836,-3.986887493157329,-2.209721038033712,0.03597296452565103,259.0,0.05593535271493527
