variable,n_festival,n_non_festival,mean_festival,mean_non_festival,difference_festival_minus_non_festival,welch_t_stat,welch_p_value,mann_whitney_u,mann_whitney_p_value
upi_volume_lakh,15,46,83594.856,86393.29130434783,-2798.435304347833,-0.17722123233664314,0.8607734524147521,334.0,0.8604063285902916
upi_value_crore,15,46,1290152.8273333334,1308313.6180434783,-18160.79071014491,-0.08754155129454476,0.9309642067861077,335.0,0.873583259662918
log_volume,15,46,22.620355056371018,22.625796262581108,-0.005441206210090144,-0.024374529375863374,0.9807479149725323,334.0,0.8604063285902916
log_value,15,46,30.01988846377867,30.018327448058535,0.0015610157201351171,0.008127931069934815,0.9935804997436191,335.0,0.873583259662918
